<?xml version="1.0" encoding="UTF-8" standalone="yes"?>
<addon id="repository.SonsOfAnarchy" name="Sons Of Anarchy" version="1.0" provider-name="Sons Of Anarchy">
	<extension point="xbmc.addon.repository" name="Sons Of Anarchy">
		<info compressed="false">http://soapt.comxa.com/zips/addons.xml</info>
		<checksum>http://soapt.comxa.com/zips/addons.xml.md5</checksum>
		<datadir zip="true">http://soapt.comxa.com/zips/</datadir>
	</extension>
	<extension point="xbmc.addon.metadata">
		<summary>Sons Of Anarchy Repository</summary>
		<description>Blood Makes You Related… But Loyalty Makes You Family</description>
		<platform>all</platform>
	</extension>
</addon>
